Date,Security_Identifier,Dummy_CUSIP,Balance,Legal_Entity,Portfolio_Classification_Type,Portfolio_Identifier,HQLA_Eligible_Flag
8/31/2017,Security_207,0.001658929,11976424,1,AFS,102340,Y
8/31/2017,Security_834,0.002923649,1797434,8,HFT,830010,N
8/31/2017,Security_1865,0.00389413,29041599,1,AFS,101060,Y
8/31/2017,Security_42,0.005986548,101387,8,HFT,835340,N
8/31/2017,Security_153,0.006142757,155253520,1,AFS,101010,Y
8/31/2017,Security_560,0.013809244,200629,8,HFT,841080,N
8/31/2017,Security_969,0.01426182,2240064,8,HFT,814081,N
8/31/2017,Security_774,0.015602706,1026772,1,HTM,179075,Y
8/31/2017,Security_1210,0.016467838,4995056,1,AFS,102340,Y
8/31/2017,Security_964,0.018296343,2292431,1,AFS,101061,Y
8/31/2017,Security_489,0.020408579,10241,8,HFT,841080,N
8/31/2017,Security_106,0.020681043,665479,865,HTM,86579206,Y
8/31/2017,Security_849,0.021831619,16855762,1,AFS,101061,Y
8/31/2017,Security_94,0.027831263,578046,1,HTM,179074,Y
8/31/2017,Security_1400,0.034507338,165715,1,AFS,101077,Y
8/31/2017,Security_73,0.040402074,929040,1,AFS,101195,Y
8/31/2017,Security_235,0.044902709,400449,8,HFT,830010,N
8/31/2017,Security_2162,0.04709061,10323350,1,AFS,101091,Y
8/31/2017,Security_158,0.048036197,310592856,1,AFS,101010,Y
8/31/2017,Security_2543,0.048983774,2680218,1,AFS,101060,Y
8/31/2017,Security_61,0.049345263,9073572,1,HTM,179075,Y
8/31/2017,Security_113,0.050469879,5291868,865,AFS,86501206,Y
8/31/2017,Security_273,0.05058452,14877,8,HFT,817121,N
8/31/2017,Security_12,0.053139049,1099683,8,HFT,830010,N
8/31/2017,Security_967,0.053266574,6608273,1,AFS,101061,Y
8/31/2017,Security_3518,0.053918174,10346,1,AFS,101077,Y
8/31/2017,Security_484,0.057287113,231286,8,HFT,841080,N
8/31/2017,Security_519,0.058529805,477,31,AFS,3101083,N
8/31/2017,Security_1408,0.058722505,14426760,1,AFS,101087,Y
8/31/2017,Security_52,0.059326752,3556675,1,AFS,101060,Y
8/31/2017,Security_764,0.060219432,1026772,1,HTM,179075,Y
8/31/2017,Security_858,0.064121155,712080,8,HFT,830010,N
8/31/2017,Security_20282,0.065516965,2996282,1,AFS,102340,Y
8/31/2017,Security_109,0.069817193,1730000,865,AFS,86501206,Y
8/31/2017,Security_797,0.06994642,1026770,1,HTM,179075,Y
8/31/2017,Security_110,0.070125633,2751272,865,HTM,86579206,Y
8/31/2017,Security_807,0.075255921,1026770,1,HTM,179075,Y
8/31/2017,Security_808,0.077327519,1026770,1,HTM,179075,Y
8/31/2017,Security_981,0.077828519,1026774,1,HTM,179075,Y
8/31/2017,Security_558,0.07922937,478519,8,HFT,841080,N
8/31/2017,Security_2546,0.080294375,4467746,1,AFS,101060,Y
8/31/2017,Security_411,0.080313245,10013093,1,AFS,102340,Y
8/31/2017,Security_810,0.081173979,1026772,1,HTM,179075,Y
8/31/2017,Security_95,0.082237086,245958,1,HTM,179074,Y
8/31/2017,Security_843,0.082659267,5519435,1,AFS,101061,Y
8/31/2017,Security_857,0.084237891,110858872,1,HTM,179030,Y
8/31/2017,Security_712,0.086436588,151215658,1,AFS,101010,Y
8/31/2017,Security_369,0.087895626,9996047,1,AFS,102340,Y
8/31/2017,Security_2545,0.088900518,4467519,1,AFS,101060,Y
8/31/2017,Security_270,0.093074506,56941,8,HFT,830010,N
8/31/2017,Security_104,0.096198747,10165000,865,AFS,86501214,Y
8/31/2017,Security_50,0.096546455,171559,1,AFS,101074,Y
8/31/2017,Security_3352,0.09664939,12574853,1,AFS,101087,Y
8/31/2017,Security_67,0.104133198,2516190,1,AFS,101080,Y
8/31/2017,Security_82,0.105123271,205032,1,AFS,101075,Y
8/31/2017,Security_926,0.105380243,3995183,1,AFS,102340,Y
8/31/2017,Security_7,0.105430643,83934724,865,AFS,86501214,Y
8/31/2017,Security_770,0.106501502,1026772,1,HTM,179075,Y
8/31/2017,Security_582,0.118557656,14352,8,HFT,841080,N
8/31/2017,Security_78,0.118886126,559163,1,HTM,179074,Y
8/31/2017,Security_451,0.120682983,31315945,1,AFS,101030,Y
8/31/2017,Security_379,0.122179747,149883,8,HFT,830010,N
8/31/2017,Security_804,0.123971378,1026770,1,HTM,179075,Y
8/31/2017,Security_23,0.125818444,5042,8,HFT,810206,N
8/31/2017,Security_152,0.12775671,309529734,1,AFS,101010,Y
8/31/2017,Security_96,0.128843642,644506,1,HTM,179074,Y
8/31/2017,Security_93,0.129456365,510140,1,HTM,179074,Y
8/31/2017,Security_3516,0.131425617,7,8,HFT,819080,N
8/31/2017,Security_182,0.131844636,49426657,1,AFS,101010,Y
8/31/2017,Security_762,0.13210453,158373,1,HTM,179075,Y
8/31/2017,Security_262,0.136416582,3413661,8,HFT,830010,N
8/31/2017,Security_2748,0.139020986,4581100,1,AFS,101060,Y
8/31/2017,Security_402,0.142680087,50214366,8,HFT,841080,N
8/31/2017,Security_11612,0.143091064,14997808,1,AFS,102340,Y
8/31/2017,Security_71,0.151107073,39998809,1,AFS,101109,Y
8/31/2017,Security_25,0.151347804,5022,8,HFT,810206,N
8/31/2017,Security_2541,0.152996752,22780067,1,AFS,101060,Y
8/31/2017,Security_563,0.155900159,594557,8,HFT,841080,N
8/31/2017,Security_974,0.155984397,1026774,1,HTM,179075,Y
8/31/2017,Security_962,0.165051935,2167414,1,AFS,101061,Y
8/31/2017,Security_26,0.165154659,1606649,8,HFT,817121,N
8/31/2017,Security_787,0.165242429,1026773,1,HTM,179075,Y
8/31/2017,Security_245,0.167368103,507893,8,HFT,830001,N
8/31/2017,Security_88,0.16888664,60399,1,HTM,179074,Y
8/31/2017,Security_57,0.16975026,16332430,1,AFS,101075,Y
8/31/2017,Security_39,0.1710331,5079,8,HFT,810206,N
8/31/2017,Security_870,0.175172016,66920103,1,HTM,179030,Y
8/31/2017,Security_743,0.176366425,467352,8,HFT,863080,N
8/31/2017,Security_788,0.181410422,1026773,1,HTM,179075,Y
8/31/2017,Security_154,0.183523829,233423207,1,AFS,101010,Y
8/31/2017,Security_358,0.186228464,4885059,8,HFT,830010,N
8/31/2017,Security_160,0.186650232,152096083,1,AFS,101010,Y
8/31/2017,Security_140,0.188828226,810825,8,HFT,830010,N
8/31/2017,Security_1049,0.191676363,26971265,1,AFS,101092,Y
8/31/2017,Security_234,0.191685705,4986915,8,HFT,811010,N
8/31/2017,Security_746,0.191981423,270761,8,HFT,810080,N
8/31/2017,Security_11,0.197136952,1128132,8,HFT,830010,N
8/31/2017,Security_1401,0.1973785,62215,1,AFS,101077,Y
8/31/2017,Security_20304,0.204658562,19995941,1,AFS,102340,Y
8/31/2017,Security_833,0.20642075,1026773,1,HTM,179075,Y
8/31/2017,Security_164,0.209581492,10008172,1,AFS,102340,Y
8/31/2017,Security_548,0.211407712,528745,8,HFT,830010,N
8/31/2017,Security_986,0.212484213,1029931,1,HTM,179075,Y
8/31/2017,Security_1397,0.219010077,6273276,1,AFS,101060,Y
8/31/2017,Security_890,0.222381654,604493,8,HFT,830010,N
8/31/2017,Security_47,0.229495721,714589,1,HTM,179075,Y
8/31/2017,Security_748,0.231903945,64448,8,HFT,817121,N
8/31/2017,Security_815,0.234576228,4501052,1,HFT,122061,Y
8/31/2017,Security_794,0.237167241,1026770,1,HTM,179075,Y
8/31/2017,Security_851,0.240095753,166965,8,HFT,841080,N
8/31/2017,Security_55,0.241559833,246987,1,AFS,101075,Y
8/31/2017,Security_11262,0.242378667,19997307,1,AFS,102340,Y
8/31/2017,Security_51,0.243866093,2829070,1,AFS,101060,Y
8/31/2017,Security_299,0.244217744,4996563,1,AFS,102340,Y
8/31/2017,Security_41,0.248001113,1,1,AFS,104347,Y
8/31/2017,Security_852,0.248806145,96897458,1,HTM,179030,Y
8/31/2017,Security_697,0.249499776,249212953,1,AFS,101010,Y
8/31/2017,Security_757,0.2515465,24839329,1,AFS,101346,Y
8/31/2017,Security_3312,0.251588173,29517679,1,AFS,101060,Y
8/31/2017,Security_49,0.254302642,5446668,1,HTM,179074,Y
8/31/2017,Security_819,0.255761466,3214581,1,AFS,101061,Y
8/31/2017,Security_973,0.256814501,1026774,1,HTM,179075,Y
8/31/2017,Security_76,0.261671734,67837,1,HTM,179075,Y
8/31/2017,Security_156,0.265082671,159148766,1,AFS,101010,Y
8/31/2017,Security_43,0.265411765,4033256,8,HFT,830010,N
8/31/2017,Security_248,0.266733105,857696,8,HFT,830010,N
8/31/2017,Security_561,0.267574707,89102,8,HFT,841080,N
8/31/2017,Security_77,0.269299654,559161,1,HTM,179074,Y
8/31/2017,Security_2519,0.270183501,46981763,1,AFS,101092,Y
8/31/2017,Security_32,0.271820731,166852789,1,AFS,101010,Y
8/31/2017,Security_60,0.272419983,9073572,1,HTM,179075,Y
8/31/2017,Security_253,0.27242583,14999315,1,AFS,102340,Y
8/31/2017,Security_3,0.276895221,5011,8,HFT,810206,N
8/31/2017,Security_92,0.278045862,644506,1,HTM,179074,Y
8/31/2017,Security_425,0.279240086,120145,8,HFT,830010,N
8/31/2017,Security_3314,0.280577597,232578,1,AFS,101091,Y
8/31/2017,Security_226,0.280767807,19969836,1,AFS,102340,Y
8/31/2017,Security_3521,0.282231708,468780,1,AFS,101077,Y
8/31/2017,Security_827,0.28264424,154273,1,HTM,179075,Y
8/31/2017,Security_9546,0.283397665,2996777,1,AFS,102340,Y
8/31/2017,Security_366,0.283992251,42954343,1,AFS,101293,Y
8/31/2017,Security_272,0.284172104,49920780,1,AFS,101290,Y
8/31/2017,Security_157,0.286789892,761218,8,HFT,830010,N
8/31/2017,Security_13,0.287069943,367596,8,HFT,830010,N
8/31/2017,Security_3519,0.28819078,19795,1,AFS,101077,Y
8/31/2017,Security_1001,0.290887263,1026771,1,HTM,179075,Y
8/31/2017,Security_769,0.290936962,1026772,1,HTM,179075,Y
8/31/2017,Security_529,0.291487948,990006,8,HFT,841080,N
8/31/2017,Security_247,0.292652235,49972407,1,AFS,101290,Y
8/31/2017,Security_237,0.298014132,895251,8,HFT,830010,N
8/31/2017,Security_778,0.304998757,4494089,1,AFS,101061,Y
8/31/2017,Security_15,0.307230777,999470,8,HFT,817121,N
8/31/2017,Security_66,0.307603888,5907342,1,HTM,179088,Y
8/31/2017,Security_829,0.307709509,1026773,1,HTM,179075,Y
8/31/2017,Security_716,0.309077132,399674633,1,AFS,101010,Y
8/31/2017,Security_350,0.309165619,585451,8,HFT,830010,N
8/31/2017,Security_492,0.311804805,1104000,8,HFT,830010,N
8/31/2017,Security_993,0.317255231,1029931,1,HTM,179075,Y
8/31/2017,Security_2,0.318238744,3943982,8,HFT,817121,N
8/31/2017,Security_751,0.318957562,358536,8,HFT,863080,N
8/31/2017,Security_11802,0.320029312,24994361,1,AFS,102340,Y
8/31/2017,Security_1004,0.320102251,1026771,1,HTM,179075,Y
8/31/2017,Security_3247,0.320470903,3251366,1,HTM,179091,Y
8/31/2017,Security_1398,0.322838729,552384,1,AFS,101077,Y
8/31/2017,Security_761,0.324468072,1026772,1,HTM,179075,Y
8/31/2017,Security_670,0.326305299,19922418,1,AFS,102340,Y
8/31/2017,Security_2544,0.327357721,8930039,1,AFS,101060,Y
8/31/2017,Security_789,0.332682892,1026773,1,HTM,179075,Y
8/31/2017,Security_432,0.333103171,37962020,1,AFS,101293,Y
8/31/2017,Security_737,0.334277951,9993245,1,AFS,102340,Y
8/31/2017,Security_105,0.339400889,4472927,865,HTM,86579206,Y
8/31/2017,Security_818,0.34092727,606639,1,AFS,101061,Y
8/31/2017,Security_979,0.342267766,704903,1,HTM,179075,Y
8/31/2017,Security_103,0.342599186,2692647,8,HFT,810208,N
8/31/2017,Security_216,0.34565361,9997240,1,AFS,102340,Y
8/31/2017,Security_997,0.348314764,1026771,1,HTM,179075,Y
8/31/2017,Security_38,0.348828359,27498925,1,AFS,101109,Y
8/31/2017,Security_2564,0.349018056,70083510,1,AFS,101077,Y
8/31/2017,Security_552,0.354286691,977155,8,HFT,841080,N
8/31/2017,Security_183,0.354867936,59399772,1,AFS,101010,Y
8/31/2017,Security_63,0.358116645,9980930,1,HTM,179075,Y
8/31/2017,Security_90,0.358792701,612950,1,AFS,101075,Y
8/31/2017,Security_779,0.360453907,1158829,1,AFS,101088,Y
8/31/2017,Security_1,0.360715715,7745153,8,HFT,830010,N
8/31/2017,Security_437,0.361987488,74911782,1,AFS,101290,Y
8/31/2017,Security_3524,0.368482277,468780,1,AFS,101077,Y
8/31/2017,Security_841,0.368810728,6443567,1,AFS,101061,Y
8/31/2017,Security_3244,0.368918594,33310568,1,AFS,101087,Y
8/31/2017,Security_765,0.370299793,1026772,1,HTM,179075,Y
8/31/2017,Security_784,0.370690319,4970,8,HFT,817121,N
8/31/2017,Security_421,0.371910293,26778,8,HFT,830001,N
8/31/2017,Security_696,0.375830864,159001488,1,AFS,101010,Y
8/31/2017,Security_65,0.381724777,5214,8,UNSPECIFIED,845080,N
8/31/2017,Security_805,0.383864198,1026770,1,HTM,179075,Y
8/31/2017,Security_278,0.384406454,52906678,1,AFS,101293,Y
8/31/2017,Security_820,0.384760755,349638,1,AFS,101061,Y
8/31/2017,Security_31,0.389321702,24997698,1,AFS,102340,Y
8/31/2017,Security_755,0.393118184,1347992,1,AFS,101087,Y
8/31/2017,Security_6,0.393990466,5042,8,HFT,810206,N
8/31/2017,Security_359,0.39450609,213708720,1,HFT,122010,Y
8/31/2017,Security_20281,0.394629446,19989955,1,AFS,102340,Y
8/31/2017,Security_2563,0.395180361,105186283,1,AFS,101077,Y
8/31/2017,Security_29,0.397572984,1095091,8,HFT,830010,N
8/31/2017,Security_102,0.402233457,5533749,1,AFS,101196,Y
8/31/2017,Security_806,0.405082643,96379,1,HTM,179075,Y
8/31/2017,Security_84,0.40558894,422957,1,AFS,101075,Y
8/31/2017,Security_742,0.406009199,374910,8,HFT,863080,N
8/31/2017,Security_11673,0.411355239,2973264,1,AFS,102340,Y
8/31/2017,Security_667,0.411425832,481600,8,HFT,830010,N
8/31/2017,Security_595,0.420782236,47186079,1,AFS,101290,Y
8/31/2017,Security_995,0.421017314,1029931,1,HTM,179075,Y
8/31/2017,Security_950,0.43038646,2069477,8,HFT,830010,N
8/31/2017,Security_20208,0.439518828,9996189,1,AFS,102340,Y
8/31/2017,Security_963,0.441821284,9105141,1,AFS,101061,Y
8/31/2017,Security_2665,0.44188889,912349,855,AFS,85501092,N
8/31/2017,Security_360,0.445307054,297661170,1,AFS,101010,Y
8/31/2017,Security_987,0.445751369,1029931,1,HTM,179075,Y
8/31/2017,Security_86,0.446634941,524659,1,AFS,101075,Y
8/31/2017,Security_56,0.448257892,9073572,1,AFS,101075,Y
8/31/2017,Security_698,0.449997067,26545678,8,HFT,830010,N
8/31/2017,Security_428,0.454040401,90516459,1,AFS,101010,Y
8/31/2017,Security_11070,0.457179261,10000000,1,AFS,102340,Y
8/31/2017,Security_853,0.459019774,62378373,1,AFS,101020,Y
8/31/2017,Security_454,0.460909214,346206,8,HFT,830010,N
8/31/2017,Security_123,0.461088574,8640278,8,HFT,830010,N
8/31/2017,Security_251,0.463334607,2002,8,HFT,817121,N
8/31/2017,Security_905,0.463810057,2999884,1,AFS,102340,Y
8/31/2017,Security_279,0.464450184,14988382,1,AFS,102340,Y
8/31/2017,Security_1396,0.466675886,6272649,1,AFS,101060,Y
8/31/2017,Security_108,0.467220776,2994233,1,AFS,102340,Y
8/31/2017,Security_21,0.467817359,5117,8,HFT,810206,N
8/31/2017,Security_54,0.468084608,6401105,1,AFS,101060,Y
8/31/2017,Security_3525,0.471415226,468780,1,AFS,101077,Y
8/31/2017,Security_11701,0.480990249,4999692,1,AFS,102340,Y
8/31/2017,Security_980,0.483222746,551226,1,HTM,179075,Y
8/31/2017,Security_22,0.488739118,5020,8,HFT,810206,N
8/31/2017,Security_705,0.490253101,612702,8,HFT,830010,N
8/31/2017,Security_46,0.494209289,407247,1,HTM,179075,Y
8/31/2017,Security_269,0.494535404,137418,8,HFT,830010,N
8/31/2017,Security_198,0.49570223,4125061,8,HFT,830010,N
8/31/2017,Security_4359,0.49902499,9996032,1,AFS,102340,Y
8/31/2017,Security_19,0.500450932,49975,8,HFT,817121,N
8/31/2017,Security_1038,0.505469572,22215246,8,HFT,830010,N
8/31/2017,Security_832,0.514331257,1026773,1,HTM,179075,Y
8/31/2017,Security_475,0.518927236,18588535,8,HFT,830010,N
8/31/2017,Security_462,0.521072983,399220,8,HFT,830010,N
8/31/2017,Security_409,0.52121263,10041637,1,AFS,102340,Y
8/31/2017,Security_2376,0.521494069,29934748,1,AFS,102340,Y
8/31/2017,Security_957,0.52163628,1731172,8,HFT,830010,N
8/31/2017,Security_3397,0.523658891,5110103,1,AFS,101060,Y
8/31/2017,Security_814,0.524116772,21848464,1,AFS,101061,Y
8/31/2017,Security_701,0.524489803,313895689,1,AFS,101010,Y
8/31/2017,Security_916,0.526019241,4998529,1,AFS,102340,Y
8/31/2017,Security_822,0.527541868,1007551,8,HFT,817121,N
8/31/2017,Security_59,0.527831398,907357,1,AFS,101075,Y
8/31/2017,Security_517,0.528003821,75000000,1,AFS,103290,Y
8/31/2017,Security_756,0.530185016,29789003,1,AFS,101087,Y
8/31/2017,Security_771,0.530357672,912969,1,HTM,179075,Y
8/31/2017,Security_11543,0.531688851,24965897,1,AFS,102340,Y
8/31/2017,Security_520,0.533798114,231549,8,HFT,841080,N
8/31/2017,Security_566,0.535852043,36185,8,HFT,830010,N
8/31/2017,Security_2968,0.536168699,3400623,1,AFS,101087,Y
8/31/2017,Security_990,0.538120321,1026771,1,HTM,179075,Y
8/31/2017,Security_2722,0.542008699,2308953,855,AFS,85501092,N
8/31/2017,Security_2610,0.542317437,821960,1,AFS,101092,Y
8/31/2017,Security_11390,0.543986716,4996579,1,AFS,102340,Y
8/31/2017,Security_3419,0.544340862,1196755,1,AFS,101077,Y
8/31/2017,Security_760,0.545060376,1026772,1,HTM,179075,Y
8/31/2017,Security_1406,0.546350905,10507473,1,AFS,101060,Y
8/31/2017,Security_99,0.547136216,1851657,1,AFS,101075,Y
8/31/2017,Security_747,0.550813847,63554861,1,AFS,101346,Y
8/31/2017,Security_75,0.550959242,43497005,1,HTM,179100,Y
8/31/2017,Security_3255,0.552685137,2640509,1,AFS,101091,Y
8/31/2017,Security_28,0.553431989,3752817,1,AFS,101195,Y
8/31/2017,Security_11054,0.554067855,20000000,1,AFS,102340,Y
8/31/2017,Security_817,0.555714645,6164720,1,AFS,101061,Y
8/31/2017,Security_809,0.556069888,720793,1,HTM,179075,Y
8/31/2017,Security_713,0.55819717,249636995,1,AFS,101010,Y
8/31/2017,Security_754,0.558453868,100365,8,HFT,817121,N
8/31/2017,Security_702,0.561296641,232957106,1,AFS,101010,Y
8/31/2017,Security_2749,0.562923899,5430117,1,AFS,101060,Y
8/31/2017,Security_984,0.562935838,1029931,1,HTM,179075,Y
8/31/2017,Security_3316,0.567023745,52651144,1,AFS,101092,Y
8/31/2017,Security_799,0.567171868,1026770,1,HTM,179075,Y
8/31/2017,Security_45,0.567313855,490980,1,AFS,101075,Y
8/31/2017,Security_759,0.567823375,1026772,1,HTM,179075,Y
8/31/2017,Security_58,0.571828072,598163,1,AFS,101075,Y
8/31/2017,Security_4,0.572535973,63638000,1,AFS,101144,Y
8/31/2017,Security_217,0.575678005,39945572,1,AFS,102340,Y
8/31/2017,Security_20278,0.576705594,3999777,1,AFS,102340,Y
8/31/2017,Security_823,0.577779604,10011881,1,AFS,102340,Y
8/31/2017,Security_267,0.578539961,6997678,1,AFS,101295,Y
8/31/2017,Security_11158,0.581205373,14997831,1,AFS,102340,Y
8/31/2017,Security_380,0.586769025,1180259,8,HFT,830010,N
8/31/2017,Security_703,0.590153191,24985058,1,AFS,102340,Y
8/31/2017,Security_802,0.594841898,1026770,1,HTM,179075,Y
8/31/2017,Security_8,0.596690894,655298,8,HFT,885092,N
8/31/2017,Security_403,0.597747014,1082225,8,HFT,830010,N
8/31/2017,Security_112,0.599220424,5000000,865,AFS,86501206,Y
8/31/2017,Security_3418,0.602151627,254900,1,AFS,101091,Y
8/31/2017,Security_2598,0.606900667,16936140,1,AFS,101091,Y
8/31/2017,Security_989,0.607986785,1029931,1,HTM,179075,Y
8/31/2017,Security_10,0.60828817,5059,8,HFT,810010,N
8/31/2017,Security_493,0.610134395,10086720,8,HFT,842080,N
8/31/2017,Security_2099,0.611758489,10801204,1,AFS,101087,Y
8/31/2017,Security_309,0.613304388,52462124,1,AFS,101030,Y
8/31/2017,Security_782,0.614845236,48875,8,HFT,817121,N
8/31/2017,Security_397,0.616726603,13660711,8,HFT,841080,N
8/31/2017,Security_252,0.619091137,348424,8,HFT,830010,N
8/31/2017,Security_91,0.619608664,644506,1,HTM,179074,Y
8/31/2017,Security_976,0.622352012,1026774,1,HTM,179075,Y
8/31/2017,Security_773,0.622778788,868399,1,HTM,179075,Y
8/31/2017,Security_714,0.627713259,248563192,1,AFS,101010,Y
8/31/2017,Security_18,0.630218725,14995384,1,AFS,102340,Y
8/31/2017,Security_2813,0.633822501,31282947,1,AFS,101087,Y
8/31/2017,Security_768,0.634074242,1026772,1,HTM,179075,Y
8/31/2017,Security_996,0.635239652,1029931,1,HTM,179075,Y
8/31/2017,Security_3523,0.640366246,468780,1,AFS,101077,Y
8/31/2017,Security_758,0.646178733,1026773,1,HTM,179075,Y
8/31/2017,Security_837,0.646636688,81376,8,HFT,841080,N
8/31/2017,Security_988,0.647015896,1026771,1,HTM,179075,Y
8/31/2017,Security_715,0.650540749,349492734,1,AFS,101010,Y
8/31/2017,Security_985,0.651388739,24718336,1,HTM,179075,Y
8/31/2017,Security_89,0.652002905,708315,1,AFS,101075,Y
8/31/2017,Security_135,0.655436074,2999785,1,AFS,102340,Y
8/31/2017,Security_793,0.659405456,1026770,1,HTM,179075,Y
8/31/2017,Security_11170,0.661214882,4988918,1,AFS,102340,Y
8/31/2017,Security_3313,0.661421107,17781889,1,AFS,101060,Y
8/31/2017,Security_975,0.668893245,1026774,1,HTM,179075,Y
8/31/2017,Security_100,0.674126466,5000000,865,AFS,86501206,Y
8/31/2017,Security_48,0.677676813,149369,1,HTM,179075,Y
8/31/2017,Security_72,0.678384685,119658,8,HFT,830010,N
8/31/2017,Security_763,0.681480573,1026772,1,HTM,179075,Y
8/31/2017,Security_128,0.682133541,605829,8,HFT,830010,N
8/31/2017,Security_792,0.6824409,1026770,1,HTM,179075,Y
8/31/2017,Security_825,0.682462044,7684074,8,HFT,864091,N
8/31/2017,Security_775,0.68543543,1026772,1,HTM,179075,Y
8/31/2017,Security_766,0.695203513,1026772,1,HTM,179075,Y
8/31/2017,Security_74,0.697920333,1699472,1,AFS,104194,Y
8/31/2017,Security_11728,0.69824154,14995891,1,AFS,102340,Y
8/31/2017,Security_16,0.700219843,39944528,1,AFS,102340,Y
8/31/2017,Security_970,0.703360814,1026774,1,HTM,179075,Y
8/31/2017,Security_30,0.70352753,4994000,1,AFS,102340,Y
8/31/2017,Security_2721,0.705409567,1539302,31,AFS,3101092,N
8/31/2017,Security_3259,0.710795549,3669508,1,AFS,101077,Y
8/31/2017,Security_821,0.711309301,547052,855,AFS,85501061,N
8/31/2017,Security_83,0.716386333,253553,1,AFS,101075,Y
8/31/2017,Security_459,0.718877079,125873,8,HFT,830010,N
8/31/2017,Security_286,0.722812641,1101209,8,HFT,830010,N
8/31/2017,Security_139,0.723371331,251271823,1,AFS,101010,Y
8/31/2017,Security_678,0.723850947,49811933,1,AFS,103290,Y
8/31/2017,Security_254,0.724772509,100502,163,AFS,16301010,N
8/31/2017,Security_98,0.730278914,84090,1,HTM,179074,Y
8/31/2017,Security_786,0.733283584,1026773,1,HTM,179075,Y
8/31/2017,Security_977,0.733822995,1026774,1,HTM,179075,Y
8/31/2017,Security_34,0.735927974,48971510,1,AFS,101087,Y
8/31/2017,Security_3267,0.738988773,4550539,1,AFS,101077,Y
8/31/2017,Security_795,0.739612896,1026770,1,HTM,179075,Y
8/31/2017,Security_524,0.741144758,174739,8,HFT,841080,N
8/31/2017,Security_991,0.742548294,1026771,1,HTM,179075,Y
8/31/2017,Security_999,0.744179287,24718336,1,HTM,179075,Y
8/31/2017,Security_258,0.746011027,29997196,1,AFS,102340,Y
8/31/2017,Security_3517,0.748615883,145019,1,AFS,101077,Y
8/31/2017,Security_741,0.75351592,14967871,1,AFS,101346,Y
8/31/2017,Security_523,0.75529218,12348,8,HFT,841080,N
8/31/2017,Security_3398,0.757103859,287675,1,HTM,179091,Y
8/31/2017,Security_20,0.757421941,18905,8,HFT,817121,N
8/31/2017,Security_395,0.764875056,59400,8,HFT,817121,N
8/31/2017,Security_14,0.765057927,1045243,8,HFT,817121,N
8/31/2017,Security_17,0.772430836,11965856,1,AFS,101087,Y
8/31/2017,Security_3522,0.772451245,468780,1,AFS,101077,Y
8/31/2017,Security_803,0.777842426,1026770,1,HTM,179075,Y
8/31/2017,Security_476,0.779949507,119599,8,HFT,841080,N
8/31/2017,Security_1000,0.780146407,1029931,1,HTM,179075,Y
8/31/2017,Security_362,0.784575369,9999006,1,AFS,102340,Y
8/31/2017,Security_20283,0.785430956,3989975,1,AFS,102340,Y
8/31/2017,Security_285,0.786078326,210088122,1,AFS,101010,Y
8/31/2017,Security_681,0.789935364,82615950,1,HFT,122010,Y
8/31/2017,Security_276,0.790695904,55783,8,HFT,830010,N
8/31/2017,Security_69,0.792067419,2916176,8,HFT,810080,N
8/31/2017,Security_828,0.794597478,1026773,1,HTM,179075,Y
8/31/2017,Security_400,0.794600968,9930,8,HFT,817121,N
8/31/2017,Security_790,0.794610406,1026773,1,HTM,179075,Y
8/31/2017,Security_965,0.795961831,1601763,1,AFS,101061,Y
8/31/2017,Security_11753,0.796017907,14973729,1,AFS,102340,Y
8/31/2017,Security_767,0.796571351,842911,1,HTM,179075,Y
8/31/2017,Security_1395,0.797125609,6272649,1,AFS,101060,Y
8/31/2017,Security_557,0.799194425,8022601,1,AFS,101080,Y
8/31/2017,Security_361,0.799862974,765733,8,HFT,830010,N
8/31/2017,Security_9,0.80346186,2023740,8,HFT,835010,N
8/31/2017,Security_710,0.805049727,246167656,1,AFS,101010,Y
8/31/2017,Security_97,0.811173162,644506,1,HTM,179074,Y
8/31/2017,Security_297,0.813410679,605436,8,HFT,830010,N
8/31/2017,Security_1399,0.816956469,480048,1,AFS,101077,Y
8/31/2017,Security_1002,0.817885348,1029931,1,HTM,179075,Y
8/31/2017,Security_831,0.820089038,113803,1,HTM,179075,Y
8/31/2017,Security_118,0.820439458,154111,8,HFT,830010,N
8/31/2017,Security_62,0.8205969,486078,1,AFS,101075,Y
8/31/2017,Security_410,0.820680931,10013581,1,AFS,102340,Y
8/31/2017,Security_117,0.82278978,248342220,1,AFS,101010,Y
8/31/2017,Security_772,0.822829909,1026772,1,HTM,179075,Y
8/31/2017,Security_20249,0.823530439,11982952,1,AFS,102340,Y
8/31/2017,Security_1421,0.824979514,6426577,1,AFS,101060,Y
8/31/2017,Security_37,0.826739295,3282246,1,AFS,104195,Y
8/31/2017,Security_310,0.831610439,32763063,1,AFS,101030,Y
8/31/2017,Security_80,0.833124439,16008960,1,AFS,101087,Y
8/31/2017,Security_2742,0.834391533,7546430,1,AFS,101091,Y
8/31/2017,Security_70,0.836378301,17293560,8,HFT,835340,N
8/31/2017,Security_972,0.837678413,1026774,1,HTM,179075,Y
8/31/2017,Security_11851,0.839618462,24968916,1,AFS,102340,Y
8/31/2017,Security_111,0.840361215,3445136,865,AFS,86501206,Y
8/31/2017,Security_850,0.84478177,2784027,1,AFS,101061,Y
8/31/2017,Security_44,0.846556807,34985769,1,AFS,102340,Y
8/31/2017,Security_150,0.849262672,64138692,1,HFT,122010,Y
8/31/2017,Security_958,0.850036631,439022,1,AFS,101061,Y
8/31/2017,Security_663,0.850621829,9999778,1,AFS,102340,Y
8/31/2017,Security_3315,0.852598863,54165,1,AFS,101091,Y
8/31/2017,Security_1810,0.855152518,94263019,1,AFS,101077,Y
8/31/2017,Security_577,0.855900811,439023,8,HFT,841080,N
8/31/2017,Security_282,0.857397228,1084028,8,HFT,830010,N
8/31/2017,Security_971,0.860845794,1026774,1,HTM,179075,Y
8/31/2017,Security_2562,0.865518573,796748,438,AFS,43801077,N
8/31/2017,Security_27,0.867123569,44892,8,HFT,817121,N
8/31/2017,Security_796,0.870813582,1026770,1,HTM,179075,Y
8/31/2017,Security_1005,0.873286538,1029931,1,HTM,179075,Y
8/31/2017,Security_2731,0.873776794,1755509,8,HFT,814081,N
8/31/2017,Security_87,0.875358848,89391,1,HTM,179074,Y
8/31/2017,Security_11276,0.876749702,1998175,1,AFS,102340,Y
8/31/2017,Security_3527,0.877353266,154008,1,AFS,101077,Y
8/31/2017,Security_79,0.878266901,26293,855,AFS,85501075,N
8/31/2017,Security_568,0.878297192,2242771,8,HFT,817121,N
8/31/2017,Security_11439,0.879542993,14982787,1,AFS,102340,Y
8/31/2017,Security_101,0.880834657,19993664,1,AFS,102340,Y
8/31/2017,Security_127,0.881162987,153543,8,HFT,830010,N
8/31/2017,Security_461,0.883786366,14998274,1,AFS,102340,Y
8/31/2017,Security_800,0.887464889,1026770,1,HTM,179075,Y
8/31/2017,Security_1165,0.888495842,21044938,1,HFT,119010,N
8/31/2017,Security_798,0.890779271,729289,1,HTM,179075,Y
8/31/2017,Security_161,0.891661776,38478960,1,HFT,123010,Y
8/31/2017,Security_842,0.891714207,1688132,1,HFT,122061,Y
8/31/2017,Security_983,0.892215208,1029931,1,HTM,179075,Y
8/31/2017,Security_13511,0.892904982,24967706,1,AFS,102340,Y
8/31/2017,Security_749,0.89321462,1588826,8,HFT,817121,N
8/31/2017,Security_3185,0.895757353,433335,1,AFS,101091,Y
8/31/2017,Security_33,0.897089906,1,1,AFS,104347,Y
8/31/2017,Security_232,0.898172686,20995738,1,AFS,101293,Y
8/31/2017,Security_11640,0.899441306,14994906,1,AFS,102340,Y
8/31/2017,Security_399,0.901127249,4462368,8,HFT,841080,N
8/31/2017,Security_978,0.901373376,1026774,1,HTM,179075,Y
8/31/2017,Security_998,0.903036361,1026771,1,HTM,179075,Y
8/31/2017,Security_155,0.904079272,314999904,1,AFS,101010,Y
8/31/2017,Security_5,0.904831889,5122,8,HFT,810206,N
8/31/2017,Security_107,0.907871046,19974190,1,AFS,102340,Y
8/31/2017,Security_85,0.908276171,709861,1,AFS,101075,Y
8/31/2017,Security_418,0.909329415,2952640,8,HFT,863080,N
8/31/2017,Security_488,0.909546234,3083,8,HFT,841080,N
8/31/2017,Security_632,0.909801686,9997399,1,AFS,102340,Y
8/31/2017,Security_53,0.911188225,5833498,1,AFS,101060,Y
8/31/2017,Security_81,0.911907175,20149871,1,HTM,179074,Y
8/31/2017,Security_327,0.921258175,3909013,8,HFT,835010,N
8/31/2017,Security_427,0.933719243,10961427,8,HFT,810080,N
8/31/2017,Security_24,0.934297518,5037150,8,HFT,815340,N
8/31/2017,Security_966,0.935127369,3519844,1,AFS,101061,Y
8/31/2017,Security_1402,0.937515925,503266,1,AFS,101077,Y
8/31/2017,Security_149,0.944390959,155515131,1,AFS,101010,Y
8/31/2017,Security_36,0.947094689,54999,8,HFT,810206,N
8/31/2017,Security_401,0.948623118,4975,8,HFT,817121,N
8/31/2017,Security_711,0.948871802,119626110,1,HFT,122010,Y
8/31/2017,Security_780,0.949489478,7792098,1,AFS,101061,Y
8/31/2017,Security_551,0.951607937,601741,8,HFT,841080,N
8/31/2017,Security_3520,0.952085771,62891,1,AFS,101077,Y
8/31/2017,Security_151,0.954587453,116920445,1,AFS,101010,Y
8/31/2017,Security_2599,0.955071322,1114689,1,AFS,101077,Y
8/31/2017,Security_992,0.956502707,1026771,1,HTM,179075,Y
8/31/2017,Security_2666,0.958622319,11194947,1,AFS,101091,Y
8/31/2017,Security_159,0.959704328,152319527,1,AFS,101010,Y
8/31/2017,Security_35,0.959760971,125011,8,HFT,817121,N
8/31/2017,Security_830,0.960187262,1026773,1,HTM,179075,Y
8/31/2017,Security_1003,0.96125145,1029931,1,HTM,179075,Y
8/31/2017,Security_680,0.9631776,250954380,1,AFS,101010,Y
8/31/2017,Security_1006,0.965877813,730520,1,HTM,179075,Y
8/31/2017,Security_2720,0.969269551,38482545,1,AFS,101092,Y
8/31/2017,Security_693,0.970108317,154857,8,HFT,830010,N
8/31/2017,Security_801,0.970573529,1026770,1,HTM,179075,Y
8/31/2017,Security_1866,0.972040767,692981,1,HTM,179091,Y
8/31/2017,Security_994,0.972286293,1026771,1,HTM,179075,Y
8/31/2017,Security_744,0.97424755,7368,8,HFT,819080,N
8/31/2017,Security_2110,0.974333967,6755734,438,AFS,43801092,N
8/31/2017,Security_336,0.974678365,10997580,8,HFT,830010,N
8/31/2017,Security_464,0.977368418,29982629,1,AFS,101290,Y
8/31/2017,Security_68,0.980569433,102920569,1,AFS,101100,Y
8/31/2017,Security_40,0.981265227,747393,8,HFT,815340,N
8/31/2017,Security_381,0.984880945,150092,8,HFT,830010,N
8/31/2017,Security_868,0.985809251,41830798,1,AFS,101020,Y
8/31/2017,Security_20484,0.991296855,15000000,1,AFS,102340,Y
8/31/2017,Security_3526,0.992154189,9128,1,AFS,101077,Y
8/31/2017,Security_2542,0.992171916,4467961,1,AFS,101060,Y
8/31/2017,Security_328,0.998112484,147909,8,HFT,810010,N
8/31/2017,Security_294,0.998381883,20591,8,HFT,830010,N
8/31/2017,Security_64,0.999130273,10888287,1,AFS,101075,Y
